ID,number_type,score
1,Prime,7
2,Carmichael,10
3,Carmichael,10
4,Carmichael,1
5,Composite,1
6,Composite,0
7,Composite,7
8,Prime,9
9,Carmichael,10
10,Prime,9
11,Carmichael,10
12,Carmichael,8
13,Carmichael,10
14,Carmichael,4
15,Composite,6
16,Prime,6
17,Prime,10
18,Prime,6
19,Carmichael,2
20,Carmichael,10
21,Carmichael,8
22,Prime,9
23,Composite,5
24,Prime,6
25,Prime,8
26,Prime,10
27,Composite,4
28,Composite,8
29,Prime,10
30,Prime,8
31,Composite,3
32,Prime,10
33,Composite,4
34,Prime,9
35,Carmichael,9
36,Prime,6
37,Composite,2
38,Composite,5
39,Carmichael,10
40,Prime,10
41,Prime,8
42,Prime,8
43,Prime,9
44,Carmichael,10
45,Composite,3
46,Carmichael,2
47,Composite,9
48,Carmichael,10
49,Composite,5
50,Prime,7
51,Prime,5
52,Composite,5
53,Carmichael,10
54,Carmichael,9
55,Prime,8
56,Composite,3
57,Composite,9
58,Composite,7
59,Composite,6
60,Composite,4
61,Prime,6
62,Composite,3
63,Carmichael,9
64,Carmichael,10
65,Prime,8
66,Prime,8
67,Composite,5
68,Carmichael,8
69,Composite,8
70,Carmichael,10
71,Composite,-1
72,Carmichael,10
73,Carmichael,3
74,Carmichael,9
75,Carmichael,1
76,Composite,2
77,Composite,9
78,Prime,9
79,Prime,10
80,Carmichael,4
81,Prime,7
82,Prime,8
83,Prime,8
84,Prime,10
85,Prime,10
86,Composite,4
87,Prime,10
88,Prime,10
89,Prime,10
90,Composite,4
91,Composite,7
92,Carmichael,9
93,Composite,9
94,Composite,9
95,Composite,2
96,Carmichael,10
97,Carmichael,10
98,Composite,9
99,Prime,6
100,Carmichael,10
101,Carmichael,10
102,Composite,6
103,Prime,8
104,Composite,1
105,Prime,9
106,Carmichael,10
107,Composite,4
108,Carmichael,10
109,Prime,10
110,Prime,10
111,Composite,4
112,Carmichael,9
113,Composite,1
114,Prime,8
115,Composite,3
116,Prime,7
117,Carmichael,8
118,Carmichael,8
119,Composite,3
120,Carmichael,10
121,Prime,7
122,Prime,10
123,Prime,9
124,Prime,8
125,Prime,6
126,Prime,9
127,Carmichael,-1
128,Composite,5
129,Prime,10
130,Composite,7
131,Prime,10
132,Prime,8
133,Prime,7
134,Carmichael,4
135,Prime,10
136,Composite,0
137,Prime,10
138,Prime,10
139,Carmichael,10
140,Carmichael,8
141,Composite,4
142,Composite,0
143,Prime,8
144,Composite,4
145,Composite,4
146,Prime,10
147,Carmichael,10
148,Composite,2
149,Prime,9
150,Prime,7
151,Composite,0
152,Prime,10
153,Composite,2
154,Composite,3
155,Prime,6
156,Prime,10
157,Carmichael,1
158,Composite,1
159,Carmichael,10
160,Prime,9
161,Prime,8
162,Prime,10
163,Carmichael,10
164,Prime,10
165,Prime,9
166,Composite,-3
167,Prime,10
168,Composite,-1
169,Composite,5
170,Carmichael,10
171,Prime,8
172,Composite,2
173,Composite,4
174,Composite,5
175,Carmichael,4
176,Prime,10
177,Prime,10
178,Carmichael,4
179,Composite,5
180,Carmichael,3
181,Carmichael,7
182,Prime,9
183,Carmichael,5
184,Carmichael,2
185,Carmichael,10
186,Carmichael,8
187,Prime,10
188,Carmichael,5
189,Prime,10
190,Composite,6
191,Prime,7
192,Composite,9
193,Prime,10
194,Prime,10
195,Composite,8
196,Prime,10
197,Prime,9
198,Composite,3
199,Carmichael,10
200,Prime,8
201,Prime,9
202,Composite,-1
203,Prime,10
204,Prime,8
205,Carmichael,8
206,Composite,8
207,Composite,0
208,Prime,7
209,Prime,9
210,Prime,9
211,Prime,10
212,Prime,10
213,Carmichael,4
214,Prime,6
215,Prime,8
216,Composite,6
217,Carmichael,-2
218,Carmichael,7
219,Composite,3
220,Carmichael,8
221,Composite,2
222,Carmichael,9
223,Prime,7
224,Prime,9
225,Carmichael,10
226,Carmichael,10
227,Carmichael,10
228,Composite,2
229,Prime,10
230,Composite,5
231,Prime,10
232,Composite,8
233,Composite,5
234,Prime,10
235,Composite,3
236,Prime,10
237,Carmichael,10
238,Carmichael,9
239,Prime,8
240,Composite,5
241,Carmichael,3
242,Carmichael,0
243,Prime,9
244,Carmichael,10
245,Carmichael,9
246,Composite,5
247,Composite,5
248,Prime,7
249,Carmichael,10
250,Composite,7
251,Prime,9
252,Carmichael,5
253,Composite,6
254,Prime,9
255,Composite,2
256,Prime,10
257,Composite,4
258,Composite,3
259,Prime,5
260,Composite,2
261,Prime,10
262,Carmichael,10
263,Carmichael,10
264,Prime,7
265,Carmichael,8
266,Composite,2
267,Carmichael,7
268,Prime,9
269,Carmichael,7
270,Prime,8
271,Carmichael,9
272,Composite,10
273,Prime,8
274,Carmichael,10
275,Carmichael,0
276,Composite,4
277,Composite,4
278,Composite,4
279,Carmichael,10
280,Prime,8
281,Composite,3
282,Composite,3
283,Prime,10
284,Carmichael,2
285,Composite,4
286,Prime,10
287,Prime,10
288,Carmichael,6
289,Carmichael,6
290,Prime,10
291,Carmichael,10
292,Prime,6
293,Composite,1
294,Prime,9
295,Carmichael,9
296,Prime,9
297,Prime,8
298,Composite,2
299,Composite,3
300,Carmichael,3
301,Carmichael,10
302,Carmichael,6
303,Prime,9
304,Prime,9
305,Composite,4
306,Prime,9
307,Carmichael,7
308,Composite,6
309,Carmichael,10
310,Carmichael,7
311,Prime,9
312,Composite,0
313,Composite,10
314,Prime,10
315,Carmichael,10
316,Prime,9
317,Prime,9
318,Carmichael,10
319,Carmichael,9
320,Prime,10
321,Carmichael,7
322,Carmichael,4
323,Composite,7
324,Carmichael,10
325,Prime,9
326,Prime,9
327,Composite,4
328,Prime,9
329,Carmichael,3
330,Carmichael,10
331,Prime,9
332,Carmichael,10
333,Composite,8
334,Carmichael,6
335,Composite,-3
336,Prime,8
337,Composite,0
338,Composite,6
339,Carmichael,9
340,Prime,10
341,Carmichael,3
342,Carmichael,10
343,Prime,10
344,Prime,10
345,Prime,6
346,Carmichael,5
347,Prime,7
348,Carmichael,10
349,Composite,9
350,Prime,9
351,Composite,0
352,Prime,7
353,Prime,9
354,Prime,10
355,Carmichael,1
356,Prime,8
357,Carmichael,9
358,Composite,6
359,Composite,1
360,Carmichael,10
361,Composite,3
362,Prime,10
363,Composite,9
364,Carmichael,10
365,Prime,9
366,Carmichael,10
367,Prime,10
368,Composite,4
369,Composite,3
370,Composite,5
371,Carmichael,9
372,Composite,4
373,Carmichael,10
374,Prime,8
375,Carmichael,4
376,Composite,0
377,Composite,6
378,Prime,10
379,Prime,10
380,Prime,8
381,Prime,9
382,Carmichael,9
383,Prime,7
384,Composite,4
385,Prime,4
386,Prime,10
387,Carmichael,10
388,Prime,10
389,Carmichael,10
390,Prime,8
391,Prime,9
392,Prime,9
393,Carmichael,9
394,Carmichael,8
395,Prime,10
396,Prime,10
397,Prime,8
398,Composite,1
399,Prime,10
400,Composite,3
401,Composite,8
402,Prime,9
403,Prime,8
404,Prime,10
405,Composite,5
406,Composite,9
407,Prime,8
408,Prime,10
409,Composite,5
410,Carmichael,7
411,Composite,10
412,Composite,6
413,Carmichael,10
414,Composite,4
415,Prime,6
416,Composite,10
417,Composite,2
418,Composite,0
419,Prime,10
420,Carmichael,4
421,Carmichael,3
422,Prime,9
423,Carmichael,10
424,Carmichael,5
425,Carmichael,10
426,Prime,10
427,Composite,3
428,Prime,7
429,Prime,10
430,Composite,8
431,Prime,8
432,Carmichael,9
433,Carmichael,10
434,Carmichael,5
435,Carmichael,9
436,Prime,8
437,Carmichael,10
438,Prime,10
439,Composite,5
440,Carmichael,9
441,Composite,10
442,Prime,10
443,Carmichael,10
444,Prime,9
445,Composite,10
446,Carmichael,10
447,Composite,5
448,Carmichael,5
449,Prime,10
450,Composite,5
451,Prime,8
452,Carmichael,6
453,Prime,8
454,Carmichael,9
455,Prime,10
456,Composite,1
457,Composite,9
458,Prime,8
459,Carmichael,10
460,Composite,4
461,Carmichael,-2
462,Carmichael,10
463,Composite,8
464,Carmichael,9
465,Prime,9
466,Composite,8
467,Composite,1
468,Prime,10
469,Prime,9
470,Carmichael,10
471,Carmichael,8
472,Composite,0
473,Prime,9
474,Prime,7
475,Composite,0
476,Prime,10
477,Carmichael,8
478,Carmichael,8
479,Prime,10
480,Carmichael,2
481,Carmichael,10
482,Prime,6
483,Composite,6
484,Prime,6
485,Composite,10
486,Composite,7
487,Prime,10
488,Composite,5
489,Composite,-2
490,Prime,10
491,Carmichael,2
492,Composite,7
493,Carmichael,8
494,Prime,9
495,Carmichael,1
496,Carmichael,5
497,Carmichael,7
498,Prime,10
499,Composite,4
500,Composite,6
501,Prime,9
502,Composite,4
503,Prime,9
504,Composite,10
505,Composite,2
506,Carmichael,9
507,Carmichael,7
508,Composite,3
509,Carmichael,10
510,Composite,4
511,Composite,6
512,Prime,9
513,Prime,10
514,Prime,10
515,Carmichael,10
516,Carmichael,3
517,Composite,7
518,Carmichael,10
519,Composite,4
520,Carmichael,-1
521,Composite,6
522,Prime,10
523,Composite,3
524,Carmichael,1
525,Prime,10
526,Prime,10
527,Prime,7
528,Prime,9
529,Composite,0
530,Prime,8
531,Prime,10
532,Carmichael,8
533,Carmichael,6
534,Composite,5
535,Carmichael,10
536,Composite,5
537,Composite,2
538,Prime,8
539,Composite,1
540,Composite,2
541,Prime,10
542,Composite,6
543,Prime,10
544,Composite,8
545,Prime,9
546,Prime,10
547,Carmichael,10
548,Composite,5
549,Composite,6
550,Composite,0
551,Prime,10
552,Composite,10
553,Carmichael,10
554,Carmichael,10
555,Carmichael,10
556,Prime,6
557,Composite,6
558,Prime,9
559,Composite,8
560,Composite,6
561,Composite,0
562,Prime,7
563,Prime,10
564,Composite,7
565,Composite,-1
566,Carmichael,10
567,Composite,9
568,Carmichael,8
569,Composite,0
570,Prime,8
571,Composite,3
572,Prime,6
573,Carmichael,-1
574,Prime,9
575,Carmichael,8
576,Prime,8
577,Prime,10
578,Composite,2
579,Prime,8
580,Prime,10
581,Prime,9
582,Prime,10
583,Composite,5
584,Carmichael,6
585,Composite,4
586,Carmichael,10
587,Composite,3
588,Composite,8
589,Composite,6
590,Composite,-4
591,Carmichael,10
592,Composite,6
593,Carmichael,10
594,Prime,10
595,Prime,10
596,Carmichael,10
597,Composite,9
598,Composite,0
599,Composite,6
600,Composite,5
601,Carmichael,10
602,Composite,0
603,Carmichael,10
604,Carmichael,1
605,Prime,10
606,Prime,10
607,Composite,0
608,Carmichael,2
609,Carmichael,10
610,Prime,10
611,Prime,9
612,Carmichael,7
613,Prime,7
614,Carmichael,8
615,Composite,-2
616,Prime,9
617,Composite,5
618,Composite,4
619,Prime,9
620,Prime,10
621,Carmichael,10
622,Composite,3
623,Prime,8
624,Carmichael,7
625,Composite,10
626,Prime,9
627,Prime,10
628,Composite,4
629,Composite,0
630,Prime,9
631,Carmichael,10
632,Carmichael,10
633,Composite,2
634,Composite,10
635,Carmichael,8
636,Composite,-1
637,Prime,8
638,Composite,2
639,Composite,5
640,Carmichael,10
641,Composite,-1
642,Carmichael,7
643,Composite,3
644,Composite,5
645,Carmichael,2
646,Carmichael,10
647,Prime,10
648,Composite,3
649,Carmichael,8
650,Prime,7
651,Carmichael,7
652,Composite,8
653,Carmichael,3
654,Carmichael,10
655,Prime,7
656,Composite,4
657,Prime,10
658,Carmichael,6
659,Composite,5
660,Carmichael,10
661,Prime,5
662,Carmichael,10
663,Composite,0
664,Composite,3
665,Carmichael,5
666,Carmichael,6
667,Composite,5
668,Composite,4
669,Prime,7
670,Composite,5
671,Prime,6
672,Carmichael,5
673,Composite,8
674,Carmichael,10
675,Composite,7
676,Carmichael,9
677,Composite,6
678,Prime,9
679,Composite,5
680,Prime,10
681,Composite,1
682,Carmichael,8
683,Carmichael,8
684,Prime,8
685,Carmichael,10
686,Composite,6
687,Prime,8
688,Prime,8
689,Composite,3
690,Composite,6
691,Prime,8
692,Composite,5
693,Composite,8
694,Carmichael,10
695,Composite,5
696,Prime,8
697,Prime,10
698,Carmichael,3
699,Carmichael,10
700,Prime,9
701,Carmichael,10
702,Prime,10
703,Carmichael,10
704,Composite,2
705,Carmichael,-2
706,Composite,8
707,Carmichael,10
708,Carmichael,6
709,Composite,1
710,Carmichael,6
711,Prime,8
712,Prime,8
713,Carmichael,2
714,Composite,7
715,Composite,1
716,Carmichael,2
717,Carmichael,10
718,Prime,9
719,Prime,10
720,Prime,8
721,Composite,4
722,Carmichael,10
723,Composite,3
724,Carmichael,10
725,Prime,10
726,Composite,6
727,Prime,7
728,Composite,6
729,Prime,10
730,Prime,8
731,Prime,10
732,Carmichael,10
733,Carmichael,7
734,Prime,8
735,Prime,10
736,Carmichael,3
737,Composite,0
738,Prime,8
739,Carmichael,10
740,Composite,4
741,Prime,8
742,Prime,7
743,Composite,-1
744,Carmichael,4
745,Prime,7
746,Composite,2
747,Composite,5
748,Prime,10
749,Carmichael,10
750,Composite,3
751,Composite,8
752,Carmichael,7
753,Composite,6
754,Prime,10
755,Carmichael,4
756,Prime,9
757,Carmichael,10
758,Composite,5
759,Prime,8
760,Carmichael,10
761,Carmichael,8
762,Carmichael,6
763,Composite,0
764,Carmichael,10
765,Prime,10
766,Prime,6
767,Prime,10
768,Composite,8
769,Carmichael,-3
770,Composite,2
771,Carmichael,4
772,Composite,4
773,Composite,10
774,Prime,8
775,Composite,3
776,Prime,9
777,Prime,7
778,Composite,8
779,Prime,9
780,Composite,4
781,Carmichael,9
782,Composite,3
783,Composite,3
784,Carmichael,-2
785,Composite,7
786,Prime,10
787,Carmichael,8
788,Carmichael,10
789,Prime,7
790,Prime,8
791,Carmichael,7
792,Prime,8
793,Carmichael,10
794,Composite,8
795,Prime,8
796,Carmichael,-2
797,Carmichael,10
798,Carmichael,4
799,Carmichael,8
800,Composite,-2
801,Prime,10
802,Carmichael,10
803,Composite,2
804,Carmichael,4
805,Carmichael,10
806,Carmichael,10
807,Prime,8
808,Prime,9
809,Composite,9
810,Prime,7
811,Composite,2
812,Carmichael,7
813,Composite,5
814,Composite,6
815,Carmichael,2
816,Composite,3
817,Composite,6
818,Composite,6
819,Prime,9
820,Carmichael,10
821,Prime,4
822,Composite,6
823,Composite,1
824,Composite,8
825,Composite,2
826,Carmichael,10
827,Carmichael,10
828,Prime,8
829,Carmichael,10
830,Carmichael,10
831,Carmichael,10
832,Prime,10
833,Composite,3
834,Carmichael,4
835,Composite,7
836,Carmichael,10
837,Prime,10
838,Composite,0
839,Composite,5
840,Composite,5
841,Composite,2
842,Carmichael,6
843,Prime,5
844,Carmichael,8
845,Composite,4
846,Prime,9
847,Prime,10
848,Carmichael,3
849,Carmichael,9
850,Prime,9
851,Composite,0
852,Prime,6
853,Prime,9
854,Carmichael,7
855,Carmichael,4
856,Prime,7
857,Prime,10
858,Prime,6
859,Composite,5
860,Composite,5
861,Carmichael,0
862,Prime,9
863,Prime,10
864,Prime,5
865,Composite,5
866,Carmichael,10
867,Prime,8
868,Composite,1
869,Composite,6
870,Carmichael,10
871,Prime,10
872,Carmichael,10
873,Prime,10
874,Composite,10
875,Composite,3
876,Composite,8
877,Prime,10
878,Composite,9
879,Prime,10
880,Prime,8
881,Prime,10
882,Carmichael,3
883,Carmichael,6
884,Prime,9
885,Carmichael,4
886,Prime,10
887,Carmichael,8
888,Composite,10
889,Composite,8
890,Carmichael,5
891,Prime,10
892,Composite,0
893,Composite,4
894,Prime,8
895,Prime,8
896,Carmichael,8
897,Carmichael,10
898,Carmichael,10
899,Carmichael,10
900,Prime,5
901,Carmichael,5
902,Prime,6
903,Composite,5
904,Prime,10
905,Carmichael,2
906,Prime,9
907,Carmichael,10
908,Carmichael,10
909,Prime,10
910,Composite,3
911,Carmichael,3
912,Carmichael,10
913,Composite,2
914,Composite,4
915,Prime,5
916,Carmichael,10
917,Prime,10
918,Carmichael,10
919,Carmichael,-1
920,Carmichael,10
921,Composite,5
922,Carmichael,10
923,Composite,1
924,Prime,10
925,Carmichael,10
926,Composite,0
927,Prime,9
928,Composite,2
929,Carmichael,-5
930,Carmichael,3
931,Carmichael,9
932,Composite,-2
933,Carmichael,10
934,Prime,8
935,Prime,8
936,Prime,9
937,Prime,10
938,Composite,3
939,Composite,-3
940,Composite,1
941,Composite,3
942,Composite,8
943,Carmichael,10
944,Composite,5
945,Carmichael,4
946,Prime,8
947,Composite,2
948,Carmichael,10
949,Composite,2
950,Composite,4
951,Prime,10
952,Composite,10
953,Carmichael,7
954,Prime,8
955,Composite,-3
956,Composite,2
957,Carmichael,10
958,Carmichael,10
959,Composite,5
960,Carmichael,10
961,Composite,5
962,Composite,7
963,Prime,8
964,Carmichael,10
965,Composite,4
966,Prime,9
967,Carmichael,10
968,Composite,2
969,Composite,1
970,Composite,2
971,Composite,6
972,Composite,4
973,Prime,8
974,Carmichael,10
975,Composite,7
976,Carmichael,4
977,Prime,9
978,Composite,5
979,Carmichael,9
980,Carmichael,10
981,Composite,4
982,Prime,8
983,Prime,7
984,Prime,8
985,Carmichael,10
986,Carmichael,9
987,Composite,4
988,Prime,10
989,Prime,7
990,Prime,9
991,Composite,5
992,Composite,5
993,Prime,6
994,Prime,9
995,Carmichael,4
996,Prime,10
997,Composite,5
998,Carmichael,6
999,Composite,6
1000,Prime,10
1001,Carmichael,0
1002,Carmichael,2
1003,Prime,9
1004,Composite,8
1005,Prime,7
1006,Prime,9
1007,Composite,6
1008,Composite,6
1009,Prime,8
1010,Composite,4
1011,Composite,4
1012,Carmichael,10
1013,Carmichael,10
1014,Composite,6
1015,Prime,8
1016,Prime,9
1017,Composite,5
1018,Prime,7
1019,Prime,5
1020,Composite,3
1021,Prime,9
1022,Carmichael,5
1023,Prime,7
1024,Prime,7
1025,Carmichael,9
1026,Prime,6
1027,Prime,10
1028,Prime,10
1029,Composite,2
1030,Composite,-3
1031,Composite,8
1032,Carmichael,10
1033,Prime,6
1034,Composite,5
1035,Carmichael,7
1036,Carmichael,10
1037,Prime,8
1038,Prime,8
1039,Composite,4
1040,Prime,8
1041,Composite,4
1042,Prime,7
1043,Prime,9
1044,Prime,7
1045,Prime,8
1046,Prime,8
1047,Carmichael,7
1048,Carmichael,10
1049,Carmichael,10
1050,Composite,3
1051,Prime,7
1052,Carmichael,10
1053,Carmichael,9
1054,Prime,7
1055,Carmichael,7
1056,Composite,0
1057,Composite,8
1058,Carmichael,10
1059,Composite,4
1060,Composite,4
1061,Prime,10
1062,Prime,9
1063,Carmichael,10
1064,Composite,5
1065,Carmichael,10
1066,Prime,9
1067,Prime,9
1068,Prime,8
1069,Prime,7
1070,Prime,8
1071,Composite,5
1072,Prime,8
1073,Carmichael,4
1074,Prime,10
1075,Carmichael,5
1076,Composite,10
1077,Carmichael,3
1078,Composite,6
1079,Carmichael,1
1080,Composite,8
1081,Composite,0
1082,Composite,3
1083,Carmichael,3
1084,Carmichael,2
1085,Composite,5
1086,Prime,8
1087,Composite,1
1088,Carmichael,10
1089,Prime,6
1090,Prime,10
1091,Composite,0
1092,Carmichael,10
1093,Carmichael,10
1094,Prime,9
1095,Composite,6
1096,Composite,5
1097,Composite,4
1098,Composite,-1
1099,Carmichael,6
1100,Carmichael,10
1101,Composite,1
1102,Composite,2
1103,Carmichael,10
1104,Prime,7
1105,Composite,6
1106,Prime,9
1107,Prime,10
1108,Composite,4
1109,Prime,7
1110,Carmichael,6
1111,Prime,10
1112,Composite,3
1113,Carmichael,10
1114,Carmichael,8
1115,Carmichael,9
1116,Carmichael,7
1117,Composite,4
1118,Prime,7
1119,Composite,3
1120,Composite,5
1121,Carmichael,10
1122,Prime,10
1123,Prime,8
1124,Prime,9
1125,Composite,3
1126,Prime,8
1127,Carmichael,10
1128,Carmichael,3
1129,Composite,0
1130,Carmichael,5
1131,Prime,7
1132,Prime,10
1133,Composite,-1
1134,Composite,5
1135,Carmichael,10
1136,Composite,6
1137,Prime,10
1138,Prime,10
1139,Prime,9
1140,Composite,9
1141,Prime,10
1142,Composite,7
1143,Composite,1
1144,Carmichael,10
1145,Prime,6
1146,Composite,8
1147,Carmichael,5
1148,Prime,8
1149,Composite,7
1150,Carmichael,10
1151,Composite,2
1152,Carmichael,10
1153,Composite,8
1154,Composite,1
1155,Carmichael,10
1156,Carmichael,10
1157,Prime,9
1158,Composite,7
1159,Prime,7
1160,Prime,9
1161,Carmichael,4
1162,Prime,10
1163,Carmichael,7
1164,Composite,9
1165,Composite,3
1166,Carmichael,4
1167,Carmichael,8
1168,Carmichael,10
1169,Carmichael,10
1170,Prime,8
1171,Prime,7
1172,Carmichael,6
1173,Prime,7
1174,Composite,4
1175,Carmichael,1
1176,Prime,9
1177,Composite,10
1178,Composite,-2
1179,Carmichael,10
1180,Carmichael,4
1181,Composite,0
1182,Composite,6
1183,Composite,10
1184,Carmichael,6
1185,Composite,3
1186,Carmichael,4
1187,Prime,9
1188,Composite,9
1189,Carmichael,10
1190,Carmichael,6
1191,Carmichael,4
1192,Composite,5
1193,Carmichael,10
1194,Composite,1
1195,Composite,6
1196,Prime,9
1197,Composite,5
1198,Carmichael,8
1199,Composite,4
1200,Composite,5
1201,Composite,3
1202,Carmichael,10
1203,Composite,3
1204,Composite,5
1205,Composite,3
1206,Composite,6
1207,Prime,6
1208,Composite,4
1209,Composite,0
1210,Prime,7
1211,Prime,10
1212,Carmichael,10
1213,Composite,3
1214,Composite,0
1215,Carmichael,9
1216,Carmichael,1
1217,Carmichael,10
1218,Carmichael,9
1219,Prime,9
1220,Carmichael,9
1221,Prime,7
1222,Composite,7
1223,Composite,2
1224,Composite,4
1225,Carmichael,2
1226,Carmichael,10
1227,Prime,10
1228,Prime,10
1229,Carmichael,7
1230,Prime,10
1231,Composite,-4
1232,Composite,9
1233,Carmichael,10
1234,Composite,0
1235,Prime,9
1236,Prime,9
1237,Prime,7
1238,Composite,3
1239,Prime,9
1240,Prime,7
1241,Composite,0
1242,Composite,0
1243,Prime,6
1244,Prime,10
1245,Prime,6
1246,Composite,5
1247,Prime,6
1248,Carmichael,10
1249,Carmichael,2
1250,Composite,5
1251,Prime,10
1252,Carmichael,10
1253,Carmichael,10
1254,Prime,7
1255,Prime,9
1256,Carmichael,8
1257,Composite,3
1258,Prime,6
1259,Carmichael,10
1260,Composite,5
1261,Composite,6
1262,Carmichael,7
1263,Carmichael,1
1264,Prime,8
1265,Composite,10
1266,Prime,10
1267,Composite,-4
1268,Prime,7
1269,Prime,8
1270,Carmichael,10
1271,Prime,10
1272,Composite,9
1273,Prime,10
1274,Composite,4
1275,Carmichael,3
1276,Composite,3
1277,Carmichael,3
1278,Carmichael,10
1279,Carmichael,8
1280,Composite,10
1281,Composite,8
1282,Composite,7
1283,Prime,6
1284,Carmichael,10
1285,Carmichael,10
1286,Prime,10
1287,Composite,3
1288,Carmichael,10
1289,Composite,6
1290,Carmichael,4
1291,Composite,7
1292,Composite,3
1293,Prime,10
1294,Prime,10
1295,Prime,10
1296,Composite,4
1297,Composite,3
1298,Carmichael,8
1299,Carmichael,10
1300,Prime,10
1301,Composite,6
1302,Prime,4
1303,Prime,10
1304,Prime,8
1305,Composite,5
1306,Carmichael,5
1307,Carmichael,10
1308,Prime,9
1309,Prime,10
1310,Composite,4
1311,Prime,7
1312,Prime,8
1313,Carmichael,8
1314,Prime,6
1315,Carmichael,5
1316,Prime,9
1317,Composite,3
1318,Carmichael,0
1319,Prime,9
1320,Carmichael,9
1321,Composite,3
1322,Carmichael,5
1323,Composite,1
1324,Composite,7
1325,Carmichael,10
1326,Carmichael,10
1327,Composite,3
1328,Carmichael,10
1329,Composite,5
1330,Carmichael,10
1331,Composite,5
1332,Prime,5
1333,Carmichael,0
1334,Composite,-1
1335,Composite,4
1336,Prime,8
1337,Carmichael,10
1338,Prime,8
1339,Composite,4
1340,Prime,10
1341,Carmichael,9
1342,Composite,0
1343,Composite,7
1344,Prime,6
1345,Carmichael,4
1346,Composite,4
1347,Composite,4
1348,Composite,3
1349,Prime,10
1350,Carmichael,10
1351,Composite,7
1352,Carmichael,10
1353,Carmichael,10
1354,Prime,8
1355,Composite,4
1356,Carmichael,7
1357,Prime,10
1358,Composite,2
1359,Prime,9
1360,Prime,10
1361,Prime,9
1362,Prime,9
1363,Composite,-1
1364,Composite,7
1365,Composite,0
1366,Carmichael,6
1367,Carmichael,5
1368,Composite,2
1369,Prime,8
1370,Prime,10
1371,Composite,4
1372,Composite,5
1373,Composite,-4
1374,Prime,8
1375,Composite,8
1376,Carmichael,-3
1377,Prime,6
1378,Carmichael,10
1379,Composite,-2
1380,Composite,10
1381,Prime,6
1382,Composite,2
1383,Prime,8
1384,Prime,7
1385,Carmichael,4
1386,Composite,4
1387,Carmichael,2
1388,Carmichael,10
1389,Prime,10
1390,Composite,6
1391,Prime,9
1392,Composite,7
1393,Carmichael,10
1394,Carmichael,7
1395,Composite,3
1396,Composite,4
1397,Carmichael,9
1398,Carmichael,10
1399,Prime,9
1400,Carmichael,8
1401,Prime,10
1402,Composite,0
1403,Carmichael,8
1404,Carmichael,10
1405,Carmichael,10
1406,Carmichael,8
1407,Composite,-1
1408,Composite,4
1409,Prime,8
1410,Composite,6
1411,Carmichael,10
1412,Carmichael,9
1413,Composite,6
1414,Prime,7
1415,Carmichael,10
1416,Prime,8
1417,Prime,10
1418,Carmichael,10
1419,Composite,8
1420,Composite,-3
1421,Composite,3
1422,Prime,9
1423,Composite,0
1424,Composite,5
1425,Composite,8
1426,Composite,6
1427,Composite,5
1428,Prime,10
1429,Prime,9
1430,Composite,0
1431,Composite,8
1432,Carmichael,9
1433,Carmichael,10
1434,Prime,10
1435,Carmichael,3
1436,Carmichael,10
1437,Prime,9
1438,Composite,8
1439,Carmichael,8
1440,Carmichael,10
1441,Carmichael,10
1442,Prime,10
1443,Carmichael,8
1444,Composite,3
1445,Prime,10
1446,Carmichael,6
1447,Composite,1
1448,Composite,4
1449,Carmichael,3
1450,Carmichael,5
1451,Carmichael,8
1452,Prime,7
1453,Prime,9
1454,Carmichael,10
1455,Prime,10
1456,Composite,3
1457,Prime,9
1458,Composite,6
1459,Prime,6
1460,Carmichael,5
1461,Carmichael,10
1462,Composite,8
1463,Prime,9
1464,Carmichael,-1
1465,Carmichael,4
1466,Composite,6
1467,Composite,6
1468,Composite,8
1469,Composite,4
1470,Composite,5
1471,Carmichael,10
1472,Prime,5
1473,Prime,10
1474,Prime,10
1475,Composite,8
1476,Carmichael,7
1477,Carmichael,10
1478,Carmichael,7
1479,Composite,1
1480,Composite,2
1481,Carmichael,8
1482,Carmichael,10
1483,Prime,9
1484,Carmichael,3
1485,Carmichael,10
1486,Prime,8
1487,Composite,5
1488,Prime,8
1489,Prime,8
1490,Carmichael,4
1491,Composite,2
1492,Carmichael,9
1493,Composite,5
1494,Carmichael,7
1495,Composite,2
1496,Composite,8
1497,Carmichael,9
1498,Carmichael,7
1499,Composite,6
1500,Composite,5
1501,Carmichael,9
1502,Prime,10
1503,Composite,3
1504,Composite,1
1505,Carmichael,6
1506,Prime,7
1507,Composite,7
1508,Composite,1
1509,Carmichael,3
1510,Prime,8
1511,Carmichael,9
1512,Prime,8
1513,Carmichael,10
1514,Prime,9
1515,Carmichael,10
1516,Carmichael,9
1517,Composite,7
1518,Prime,8
1519,Prime,8
1520,Prime,6
1521,Composite,1
1522,Prime,10
1523,Prime,10
1524,Prime,8
1525,Prime,9
1526,Prime,10
1527,Composite,2
1528,Composite,5
1529,Composite,6
1530,Composite,5
1531,Composite,0
1532,Carmichael,5
1533,Carmichael,1
1534,Prime,8
1535,Prime,7
1536,Prime,10
1537,Prime,7
1538,Carmichael,5
1539,Carmichael,10
1540,Composite,-3
1541,Carmichael,10
1542,Carmichael,9
1543,Carmichael,7
1544,Prime,6
1545,Carmichael,4
1546,Composite,7
1547,Prime,10
1548,Carmichael,10
1549,Prime,10
1550,Carmichael,10
1551,Prime,9
1552,Carmichael,10
1553,Prime,10
1554,Carmichael,6
1555,Carmichael,10
1556,Carmichael,7
1557,Prime,9
1558,Carmichael,3
1559,Composite,6
1560,Prime,10
1561,Carmichael,10
1562,Composite,3
1563,Composite,2
1564,Composite,0
1565,Carmichael,8
1566,Prime,7
1567,Composite,-2
1568,Composite,1
1569,Carmichael,10
1570,Composite,2
1571,Prime,10
1572,Carmichael,10
1573,Carmichael,7
1574,Composite,10
1575,Carmichael,6
1576,Composite,6
1577,Carmichael,10
1578,Prime,10
1579,Prime,10
1580,Composite,4
1581,Carmichael,10
1582,Carmichael,10
1583,Prime,9
1584,Composite,1
1585,Carmichael,7
1586,Carmichael,7
1587,Carmichael,3
1588,Prime,9
1589,Composite,3
1590,Composite,2
1591,Composite,2
1592,Prime,6
1593,Carmichael,10
1594,Carmichael,1
1595,Composite,-1
1596,Composite,3
1597,Composite,7
1598,Composite,5
1599,Composite,0
1600,Composite,1
1601,Carmichael,10
1602,Carmichael,1
1603,Prime,10
1604,Composite,8
1605,Carmichael,6
1606,Composite,6
1607,Prime,9
1608,Carmichael,8
1609,Carmichael,10
1610,Composite,1
1611,Prime,9
1612,Carmichael,10
1613,Carmichael,7
1614,Composite,7
1615,Carmichael,7
1616,Composite,4
1617,Composite,2
1618,Composite,6
1619,Prime,10
1620,Carmichael,5
1621,Carmichael,1
1622,Composite,-5
1623,Carmichael,10
1624,Carmichael,10
1625,Composite,4
1626,Prime,8
1627,Composite,8
1628,Prime,9
1629,Prime,7
1630,Prime,9
1631,Carmichael,9
1632,Composite,5
1633,Composite,5
1634,Prime,10
1635,Prime,10
1636,Composite,2
1637,Composite,10
1638,Carmichael,0
1639,Carmichael,3
1640,Prime,8
1641,Prime,10
1642,Composite,3
1643,Carmichael,3
1644,Prime,5
1645,Prime,10
1646,Carmichael,10
1647,Carmichael,10
1648,Prime,10
1649,Composite,9
1650,Composite,10
1651,Prime,10
1652,Carmichael,2
1653,Prime,10
1654,Composite,8
1655,Carmichael,3
1656,Carmichael,10
1657,Prime,7
1658,Carmichael,4
1659,Carmichael,10
1660,Carmichael,10
1661,Prime,6
1662,Prime,6
1663,Composite,2
1664,Carmichael,7
1665,Prime,8
1666,Composite,6
1667,Carmichael,8
1668,Composite,4
1669,Carmichael,1
1670,Carmichael,-2
1671,Prime,8
1672,Composite,7
1673,Composite,2
1674,Prime,7
1675,Prime,10
1676,Carmichael,6
1677,Carmichael,7
1678,Composite,-1
1679,Carmichael,7
1680,Carmichael,8
1681,Prime,10
1682,Prime,9
1683,Composite,0
1684,Composite,5
1685,Carmichael,9
1686,Carmichael,6
1687,Composite,5
1688,Composite,6
1689,Prime,10
1690,Carmichael,9
1691,Composite,0
1692,Composite,5
1693,Composite,5
1694,Prime,9
1695,Prime,6
1696,Prime,5
1697,Composite,0
1698,Prime,9
1699,Composite,7
1700,Prime,10
1701,Carmichael,10
1702,Carmichael,10
1703,Prime,9
1704,Prime,9
1705,Composite,-1
1706,Carmichael,3
1707,Composite,4
1708,Prime,10
1709,Prime,9
1710,Composite,4
1711,Composite,7
1712,Prime,7
1713,Composite,4
1714,Composite,4
1715,Carmichael,10
1716,Composite,7
1717,Carmichael,2
1718,Carmichael,7
1719,Composite,6
1720,Composite,7
1721,Composite,6
1722,Composite,9
1723,Prime,7
1724,Composite,2
1725,Prime,10
1726,Prime,7
1727,Carmichael,-1
1728,Carmichael,10
1729,Carmichael,8
1730,Carmichael,10
1731,Carmichael,7
1732,Carmichael,9
1733,Prime,7
1734,Carmichael,8
1735,Prime,8
1736,Composite,4
1737,Carmichael,10
1738,Carmichael,10
1739,Carmichael,5
1740,Prime,4
1741,Prime,10
1742,Composite,0
1743,Carmichael,2
1744,Prime,10
1745,Prime,10
1746,Composite,0
1747,Composite,6
1748,Prime,10
1749,Prime,10
1750,Prime,10
1751,Composite,5
1752,Carmichael,6
1753,Prime,7
1754,Prime,6
1755,Carmichael,10
1756,Carmichael,10
1757,Carmichael,4
1758,Prime,9
1759,Prime,10
1760,Composite,3
1761,Composite,7
1762,Carmichael,0
1763,Carmichael,6
1764,Prime,10
1765,Carmichael,9
1766,Carmichael,4
1767,Prime,8
1768,Composite,5
1769,Prime,10
1770,Composite,6
1771,Composite,6
1772,Prime,5
1773,Prime,8
1774,Composite,5
1775,Prime,6
1776,Composite,0
1777,Composite,7
1778,Prime,10
1779,Carmichael,9
1780,Carmichael,7
1781,Carmichael,6
1782,Carmichael,7
1783,Prime,10
1784,Prime,10
1785,Carmichael,10
1786,Composite,6
1787,Prime,10
1788,Carmichael,10
1789,Composite,6
1790,Carmichael,4
1791,Prime,10
1792,Carmichael,10
1793,Prime,10
1794,Carmichael,10
1795,Composite,9
1796,Carmichael,4
1797,Prime,9
1798,Carmichael,9
1799,Carmichael,7
1800,Composite,7
1801,Prime,9
1802,Prime,10
1803,Composite,3
1804,Carmichael,10
1805,Prime,9
1806,Prime,10
1807,Carmichael,1
1808,Carmichael,3
1809,Prime,9
1810,Carmichael,9
1811,Carmichael,4
1812,Prime,8
1813,Prime,8
1814,Carmichael,10
1815,Composite,1
1816,Composite,-2
1817,Composite,6
1818,Carmichael,6
1819,Prime,9
1820,Prime,8
1821,Prime,7
1822,Composite,3
1823,Composite,5
1824,Carmichael,10
1825,Carmichael,10
1826,Carmichael,9
1827,Carmichael,8
1828,Prime,5
1829,Prime,10
1830,Carmichael,5
1831,Composite,4
1832,Composite,0
1833,Carmichael,10
1834,Carmichael,5
1835,Carmichael,10
1836,Carmichael,10
1837,Composite,6
1838,Carmichael,9
1839,Composite,3
1840,Composite,7
1841,Carmichael,6
1842,Prime,10
1843,Prime,9
1844,Carmichael,10
1845,Carmichael,3
1846,Prime,10
1847,Prime,10
1848,Prime,10
1849,Carmichael,8
1850,Carmichael,7
1851,Composite,3
1852,Carmichael,10
1853,Composite,6
1854,Carmichael,8
1855,Carmichael,3
1856,Prime,6
1857,Prime,10
1858,Prime,5
1859,Carmichael,-2
1860,Prime,5
1861,Prime,8
1862,Carmichael,7
1863,Composite,10
1864,Prime,10
1865,Carmichael,10
1866,Prime,7
1867,Composite,8
1868,Carmichael,9
1869,Carmichael,9
1870,Prime,8
1871,Carmichael,10
1872,Composite,5
1873,Composite,2
1874,Prime,9
1875,Carmichael,9
1876,Prime,7
1877,Composite,7
1878,Prime,5
1879,Composite,4
1880,Prime,7
1881,Carmichael,9
1882,Carmichael,6
1883,Composite,3
1884,Prime,10
1885,Carmichael,3
1886,Prime,9
1887,Carmichael,10
1888,Prime,10
1889,Composite,2
1890,Prime,10
1891,Carmichael,2
1892,Carmichael,4
1893,Composite,-3
1894,Prime,8
1895,Carmichael,10
1896,Composite,6
1897,Carmichael,10
1898,Carmichael,7
1899,Carmichael,0
1900,Composite,2
1901,Composite,10
1902,Prime,8
1903,Prime,6
1904,Composite,7
1905,Prime,9
1906,Composite,6
1907,Composite,5
1908,Composite,5
1909,Prime,10
1910,Composite,6
1911,Composite,7
1912,Prime,8
1913,Carmichael,10
1914,Composite,7
1915,Composite,4
1916,Carmichael,10
1917,Carmichael,8
1918,Carmichael,5
1919,Prime,9
1920,Carmichael,10
1921,Composite,4
1922,Composite,4
1923,Prime,9
1924,Composite,4
1925,Carmichael,3
1926,Composite,9
1927,Prime,10
1928,Prime,10
1929,Prime,10
1930,Carmichael,7
1931,Prime,10
1932,Carmichael,8
1933,Composite,1
1934,Composite,1
1935,Prime,10
1936,Carmichael,8
1937,Prime,8
1938,Carmichael,2
1939,Prime,9
1940,Prime,9
1941,Carmichael,6
1942,Composite,0
1943,Carmichael,10
1944,Composite,4
1945,Prime,10
1946,Carmichael,2
1947,Carmichael,10
1948,Prime,6
1949,Prime,10
1950,Composite,3
1951,Carmichael,10
1952,Prime,10
1953,Composite,4
1954,Carmichael,3
1955,Prime,8
1956,Prime,6
1957,Carmichael,8
1958,Prime,10
1959,Carmichael,5
1960,Composite,8
1961,Prime,7
1962,Composite,9
1963,Carmichael,6
1964,Carmichael,10
1965,Carmichael,5
1966,Composite,4
1967,Carmichael,10
1968,Composite,0
1969,Prime,9
1970,Prime,10
1971,Carmichael,8
1972,Composite,6
1973,Composite,6
1974,Carmichael,10
1975,Prime,8
1976,Carmichael,10
1977,Prime,10
1978,Prime,9
1979,Composite,10
1980,Prime,8
1981,Prime,9
1982,Composite,3
1983,Composite,5
1984,Composite,5
1985,Carmichael,9
1986,Carmichael,8
1987,Prime,10
1988,Carmichael,6
1989,Composite,3
1990,Composite,4
1991,Prime,8
1992,Prime,8
1993,Composite,1
1994,Carmichael,10
1995,Prime,10
1996,Prime,6
1997,Composite,7
1998,Carmichael,9
1999,Carmichael,10
2000,Carmichael,5
2001,Composite,3
2002,Prime,10
2003,Prime,7
2004,Prime,10
2005,Carmichael,4
2006,Prime,9
2007,Composite,9
2008,Prime,9
2009,Prime,10
2010,Composite,2
2011,Carmichael,8
2012,Carmichael,8
2013,Prime,10
2014,Prime,9
2015,Prime,7
2016,Prime,10
2017,Composite,9
2018,Carmichael,9
2019,Carmichael,3
2020,Prime,5
2021,Carmichael,4
2022,Prime,9
2023,Prime,10
2024,Carmichael,9
2025,Prime,7
2026,Carmichael,10
2027,Prime,9
2028,Carmichael,8
2029,Prime,9
2030,Carmichael,8
2031,Composite,-1
2032,Composite,-2
2033,Carmichael,10
2034,Prime,10
2035,Carmichael,8
2036,Carmichael,10
2037,Composite,5
2038,Composite,2
2039,Prime,9
2040,Prime,8
2041,Prime,6
2042,Composite,-3
2043,Carmichael,7
2044,Composite,5
2045,Composite,1
2046,Carmichael,10
2047,Carmichael,3
2048,Carmichael,7
2049,Composite,8
2050,Prime,10
2051,Prime,8
2052,Composite,2
2053,Composite,4
2054,Carmichael,10
2055,Carmichael,10
2056,Prime,10
2057,Composite,5
2058,Composite,4
2059,Prime,7
2060,Carmichael,2
2061,Composite,5
2062,Prime,10
2063,Carmichael,4
2064,Prime,8
2065,Composite,9
2066,Composite,-2
2067,Carmichael,10
2068,Carmichael,10
2069,Carmichael,10
2070,Composite,4
2071,Carmichael,10
2072,Carmichael,5
2073,Carmichael,3
2074,Composite,9
2075,Prime,10
2076,Prime,10
2077,Prime,6
2078,Composite,9
2079,Prime,9
2080,Carmichael,10
2081,Prime,7
2082,Prime,9
2083,Composite,1
2084,Carmichael,3
2085,Composite,1
2086,Composite,1
2087,Prime,7
2088,Composite,9
2089,Prime,10
2090,Prime,9
2091,Prime,10
2092,Carmichael,10
2093,Prime,10
2094,Composite,2
2095,Composite,1
2096,Prime,10
2097,Composite,5
2098,Carmichael,10
2099,Carmichael,7
2100,Composite,0
2101,Carmichael,8
2102,Carmichael,8
2103,Carmichael,-1
2104,Prime,10
2105,Carmichael,1
2106,Prime,10
2107,Composite,10
2108,Composite,1
2109,Composite,10
2110,Carmichael,10
2111,Prime,8
2112,Prime,10
2113,Composite,7
2114,Carmichael,7
2115,Carmichael,10
2116,Carmichael,7
2117,Prime,8
2118,Composite,4
2119,Prime,9
2120,Prime,9
2121,Carmichael,-4
2122,Carmichael,3
2123,Prime,8
2124,Carmichael,6
2125,Prime,10
2126,Composite,8
2127,Prime,8
2128,Carmichael,3
2129,Carmichael,10
2130,Carmichael,10
2131,Carmichael,10
2132,Prime,10
2133,Carmichael,6
2134,Carmichael,10
2135,Composite,6
2136,Composite,8
2137,Composite,2
2138,Prime,10
2139,Prime,9
2140,Prime,6
2141,Composite,3
2142,Composite,3
2143,Prime,8
2144,Carmichael,10
2145,Prime,5
2146,Carmichael,10
2147,Prime,7
2148,Carmichael,10
2149,Composite,4
2150,Carmichael,8
2151,Carmichael,10
2152,Composite,4
2153,Carmichael,-6
2154,Carmichael,4
2155,Carmichael,4
2156,Composite,4
2157,Prime,9
2158,Composite,4
2159,Composite,0
2160,Composite,1
2161,Composite,-3
2162,Carmichael,2
2163,Carmichael,10
2164,Prime,6
2165,Prime,10
2166,Prime,10
2167,Carmichael,6
2168,Composite,4
2169,Composite,-2
2170,Carmichael,10
2171,Carmichael,10
2172,Carmichael,8
2173,Prime,8
2174,Carmichael,10
2175,Composite,0
2176,Prime,8
2177,Prime,8
2178,Prime,8
2179,Prime,10
2180,Carmichael,10
2181,Prime,7
2182,Composite,9
2183,Prime,6
2184,Carmichael,0
2185,Prime,8
2186,Composite,4
2187,Prime,5
2188,Composite,7
2189,Composite,-1
2190,Carmichael,6
2191,Composite,3
2192,Prime,7
2193,Composite,0
2194,Composite,6
2195,Composite,9
2196,Composite,2
2197,Carmichael,10
2198,Carmichael,10
2199,Composite,6
2200,Carmichael,8
2201,Prime,10
2202,Carmichael,10
2203,Composite,-2
2204,Composite,1
2205,Prime,6
2206,Carmichael,1
2207,Prime,8
2208,Composite,7
2209,Composite,8
2210,Composite,4
2211,Carmichael,10
2212,Carmichael,9
2213,Prime,10
2214,Composite,4
2215,Composite,6
2216,Carmichael,5
2217,Prime,10
2218,Prime,7
2219,Composite,4
2220,Composite,6
2221,Prime,8
2222,Prime,9
2223,Prime,8
2224,Composite,4
2225,Prime,10
2226,Carmichael,10
2227,Composite,6
2228,Composite,7
2229,Carmichael,10
2230,Prime,10
2231,Prime,9
2232,Carmichael,8
2233,Composite,8
2234,Prime,6
2235,Composite,1
2236,Composite,8
2237,Prime,10
2238,Prime,10
2239,Composite,8
2240,Composite,3
2241,Carmichael,6
2242,Prime,10
2243,Carmichael,9
2244,Composite,8
2245,Prime,9
2246,Prime,10
2247,Carmichael,10
2248,Prime,9
2249,Prime,6
2250,Composite,9
2251,Prime,9
2252,Carmichael,10
2253,Prime,10
2254,Composite,2
2255,Prime,6
2256,Composite,3
2257,Carmichael,10
2258,Prime,4
2259,Carmichael,9
2260,Composite,5
2261,Composite,10
2262,Composite,7
2263,Composite,0
2264,Composite,1
2265,Prime,8
2266,Prime,9
2267,Prime,7
2268,Composite,0
2269,Composite,4
2270,Carmichael,4
2271,Carmichael,2
2272,Composite,1
2273,Composite,5
2274,Carmichael,10
2275,Carmichael,9
2276,Carmichael,10
2277,Prime,9
2278,Carmichael,10
2279,Carmichael,2
2280,Carmichael,4
2281,Prime,9
2282,Composite,0
2283,Composite,2
2284,Carmichael,6
2285,Prime,10
2286,Carmichael,10
2287,Composite,-5
2288,Carmichael,10
2289,Prime,10
2290,Carmichael,8
2291,Carmichael,10
2292,Prime,10
2293,Prime,10
2294,Prime,10
2295,Composite,-2
2296,Prime,10
2297,Composite,8
2298,Prime,10
2299,Carmichael,8
2300,Carmichael,9
2301,Prime,7
2302,Carmichael,10
2303,Prime,10
2304,Composite,4
2305,Prime,9
2306,Prime,9
2307,Carmichael,10
2308,Carmichael,3
2309,Carmichael,1
2310,Carmichael,7
2311,Composite,3
2312,Composite,6
2313,Composite,4
2314,Prime,8
2315,Carmichael,4
2316,Composite,1
2317,Composite,4
2318,Carmichael,10
2319,Composite,3
2320,Carmichael,-2
2321,Carmichael,1
2322,Carmichael,9
2323,Carmichael,10
2324,Prime,7
2325,Carmichael,10
2326,Composite,3
2327,Composite,7
2328,Prime,10
2329,Carmichael,10
2330,Prime,10
2331,Prime,9
2332,Carmichael,3
2333,Carmichael,9
2334,Composite,3
2335,Composite,6
2336,Prime,7
2337,Prime,9
2338,Carmichael,4
2339,Composite,7
2340,Prime,7
2341,Prime,9
2342,Prime,10
2343,Composite,8
2344,Composite,3
2345,Prime,10
2346,Carmichael,7
2347,Composite,5
2348,Composite,4
2349,Composite,6
2350,Carmichael,6
2351,Prime,10
2352,Prime,10
2353,Prime,10
2354,Composite,2
2355,Carmichael,5
2356,Composite,2
2357,Carmichael,4
2358,Prime,9
2359,Carmichael,10
2360,Carmichael,10
2361,Composite,-2
2362,Composite,6
2363,Carmichael,10
2364,Prime,8
2365,Prime,9
2366,Prime,6
2367,Composite,4
2368,Prime,9
2369,Prime,10
2370,Composite,3
2371,Prime,7
2372,Prime,8
2373,Composite,1
2374,Prime,8
2375,Carmichael,9
2376,Prime,10
2377,Composite,7
2378,Composite,5
2379,Composite,5
2380,Prime,10
2381,Carmichael,10
2382,Prime,10
2383,Carmichael,-1
2384,Carmichael,10
2385,Prime,8
2386,Composite,2
2387,Prime,9
2388,Prime,10
2389,Prime,7
2390,Prime,10
2391,Composite,4
2392,Prime,9
2393,Prime,9
2394,Prime,9
2395,Prime,8
2396,Prime,10
2397,Carmichael,6
2398,Carmichael,6
2399,Prime,10
2400,Carmichael,-1
2401,Carmichael,6
2402,Carmichael,10
2403,Composite,2
2404,Carmichael,10
2405,Composite,2
2406,Composite,8
2407,Carmichael,10
2408,Carmichael,10
2409,Composite,6
2410,Composite,0
2411,Composite,3
2412,Composite,8
2413,Prime,10
2414,Carmichael,8
2415,Carmichael,10
2416,Composite,4
2417,Carmichael,4
2418,Prime,9
2419,Carmichael,10
2420,Prime,8
2421,Prime,10
2422,Prime,10
2423,Carmichael,10
2424,Carmichael,10
2425,Carmichael,10
2426,Prime,10
2427,Carmichael,10
2428,Carmichael,10
2429,Composite,5
2430,Prime,10
2431,Prime,9
2432,Prime,8
2433,Carmichael,10
2434,Composite,2
2435,Prime,10
2436,Prime,9
2437,Composite,7
2438,Carmichael,10
2439,Prime,9
2440,Composite,9
2441,Carmichael,9
2442,Prime,10
2443,Carmichael,10
2444,Composite,7
2445,Prime,10
2446,Prime,8
2447,Prime,9
2448,Carmichael,4
2449,Composite,6
2450,Prime,10
2451,Composite,6
2452,Carmichael,10
2453,Prime,10
2454,Composite,8
2455,Prime,8
2456,Prime,10
2457,Carmichael,10
2458,Carmichael,9
2459,Carmichael,9
2460,Composite,8
2461,Composite,4
2462,Prime,10
2463,Prime,10
2464,Carmichael,10
2465,Composite,4
2466,Carmichael,10
2467,Prime,8
2468,Carmichael,6
2469,Prime,8
2470,Prime,10
2471,Prime,7
2472,Composite,-2
2473,Carmichael,10
2474,Carmichael,10
2475,Composite,5
2476,Composite,5
2477,Prime,8
2478,Composite,6
2479,Composite,1
2480,Composite,1
2481,Prime,9
2482,Composite,3
2483,Carmichael,10
2484,Carmichael,6
2485,Prime,7
2486,Carmichael,10
2487,Composite,5
2488,Carmichael,2
2489,Prime,7
2490,Prime,9
2491,Carmichael,7
2492,Carmichael,10
2493,Carmichael,3
2494,Composite,4
2495,Composite,6
2496,Composite,9
2497,Composite,6
2498,Composite,7
2499,Composite,3
2500,Carmichael,5
2501,Prime,9
2502,Carmichael,10
2503,Composite,4
2504,Prime,8
2505,Prime,9
2506,Prime,7
2507,Composite,10
2508,Carmichael,5
2509,Composite,2
2510,Prime,9
2511,Carmichael,8
2512,Prime,10
2513,Carmichael,10
2514,Carmichael,10
2515,Prime,6
2516,Composite,6
2517,Carmichael,10
2518,Carmichael,9
2519,Carmichael,2
2520,Composite,9
2521,Composite,4
2522,Prime,9
2523,Carmichael,10
2524,Prime,10
2525,Carmichael,9
2526,Composite,2
2527,Composite,4
2528,Prime,10
2529,Prime,8
2530,Composite,8
2531,Prime,6
2532,Carmichael,3
2533,Prime,10
2534,Carmichael,6
2535,Composite,5
2536,Prime,10
2537,Carmichael,10
2538,Composite,4
2539,Composite,5
2540,Prime,9
2541,Prime,9
2542,Carmichael,10
2543,Carmichael,9
2544,Prime,10
2545,Carmichael,4
2546,Composite,7
2547,Composite,10
2548,Composite,3
2549,Prime,8
2550,Carmichael,9
2551,Composite,4
2552,Prime,7
2553,Carmichael,10
2554,Prime,7
2555,Composite,9
2556,Carmichael,10
2557,Prime,6
2558,Composite,4
2559,Prime,9
2560,Composite,0
2561,Prime,10
2562,Composite,-1
2563,Prime,10
2564,Prime,7
2565,Prime,9
2566,Composite,8
2567,Prime,9
2568,Carmichael,10
2569,Composite,6
2570,Prime,10
2571,Carmichael,3
2572,Composite,10
2573,Carmichael,3
2574,Composite,8
2575,Composite,4
2576,Prime,9
2577,Prime,10
2578,Composite,4
2579,Carmichael,5
2580,Composite,3
2581,Prime,6
2582,Prime,10
2583,Prime,8
2584,Carmichael,6
2585,Composite,3
2586,Carmichael,2
2587,Carmichael,-2
2588,Prime,9
2589,Prime,9
2590,Carmichael,10
2591,Prime,10
2592,Carmichael,8
2593,Carmichael,8
2594,Prime,10
2595,Carmichael,8
2596,Composite,5
2597,Composite,4
2598,Composite,5
2599,Prime,7
2600,Composite,8
2601,Carmichael,10
2602,Prime,5
2603,Carmichael,8
2604,Carmichael,7
2605,Composite,1
2606,Carmichael,10
2607,Carmichael,10
2608,Prime,7
2609,Carmichael,5
2610,Composite,2
2611,Prime,10
2612,Composite,10
2613,Prime,10
2614,Composite,4
2615,Prime,6
2616,Carmichael,7
2617,Carmichael,10
2618,Composite,0
2619,Composite,6
2620,Carmichael,10
2621,Composite,9
2622,Carmichael,7
2623,Prime,6
2624,Prime,7
2625,Carmichael,6
2626,Carmichael,7
2627,Prime,10
2628,Composite,4
2629,Composite,6
2630,Prime,10
2631,Carmichael,8
2632,Composite,2
2633,Prime,7
2634,Carmichael,10
2635,Prime,8
2636,Carmichael,10
2637,Prime,6
2638,Carmichael,3
2639,Prime,9
2640,Prime,9
2641,Prime,8
2642,Composite,6
2643,Prime,10
2644,Prime,9
2645,Prime,4
2646,Carmichael,7
2647,Prime,6
2648,Composite,10
2649,Carmichael,8
2650,Carmichael,10
2651,Composite,7
2652,Prime,4
2653,Carmichael,0
2654,Composite,10
2655,Composite,-3
2656,Carmichael,4
2657,Carmichael,10
2658,Carmichael,10
2659,Prime,10
2660,Prime,10
2661,Composite,4
2662,Composite,0
2663,Carmichael,2
2664,Prime,9
2665,Composite,9
2666,Prime,6
2667,Carmichael,10
2668,Carmichael,7
2669,Composite,7
2670,Carmichael,10
2671,Carmichael,8
2672,Composite,8
2673,Prime,10
2674,Prime,9
2675,Prime,4
2676,Prime,8
2677,Composite,6
2678,Prime,9
2679,Carmichael,5
2680,Prime,9
2681,Carmichael,9
2682,Prime,10
2683,Prime,10
2684,Prime,8
2685,Carmichael,9
2686,Composite,6
2687,Carmichael,10
2688,Carmichael,10
2689,Carmichael,3
2690,Composite,0
2691,Carmichael,7
2692,Prime,9
2693,Prime,10
2694,Prime,10
2695,Composite,0
2696,Prime,7
2697,Carmichael,10
2698,Composite,9
2699,Composite,4
2700,Composite,7
2701,Carmichael,10
2702,Carmichael,5
2703,Carmichael,10
2704,Carmichael,10
2705,Composite,2
2706,Carmichael,10
2707,Carmichael,6
2708,Prime,7
2709,Carmichael,6
2710,Carmichael,8
2711,Composite,7
2712,Carmichael,6
2713,Composite,8
2714,Prime,10
2715,Composite,4
2716,Carmichael,10
2717,Composite,4
2718,Prime,8
2719,Prime,9
2720,Composite,10
2721,Prime,6
2722,Composite,5
2723,Carmichael,8
2724,Prime,8
2725,Composite,7
2726,Composite,4
2727,Carmichael,10
2728,Composite,4
2729,Carmichael,10
2730,Carmichael,10
2731,Prime,10
2732,Prime,6
2733,Carmichael,9
2734,Carmichael,10
2735,Prime,6
2736,Prime,7
2737,Composite,7
2738,Prime,9
2739,Prime,10
2740,Carmichael,1
2741,Composite,6
2742,Prime,8
2743,Composite,7
2744,Composite,4
2745,Composite,7
2746,Carmichael,2
2747,Carmichael,4
2748,Carmichael,10
2749,Carmichael,8
2750,Carmichael,6
2751,Composite,3
2752,Composite,3
2753,Composite,3
2754,Carmichael,10
2755,Composite,7
2756,Composite,1
2757,Prime,5
2758,Carmichael,8
2759,Composite,7
2760,Composite,4
2761,Carmichael,-1
2762,Prime,7
2763,Carmichael,6
2764,Prime,8
2765,Prime,10
2766,Carmichael,5
2767,Prime,10
2768,Prime,9
2769,Carmichael,10
2770,Carmichael,2
2771,Carmichael,10
2772,Carmichael,3
2773,Composite,6
2774,Prime,8
2775,Carmichael,7
2776,Carmichael,10
2777,Prime,10
2778,Carmichael,5
2779,Carmichael,10
2780,Composite,5
2781,Carmichael,8
2782,Prime,7
2783,Composite,1
2784,Carmichael,10
2785,Prime,7
2786,Carmichael,4
2787,Carmichael,10
2788,Composite,7
2789,Prime,9
2790,Composite,1
2791,Prime,8
2792,Composite,7
2793,Composite,0
2794,Composite,8
2795,Carmichael,8
2796,Prime,10
2797,Composite,0
2798,Composite,3
2799,Composite,4
2800,Composite,3
2801,Prime,7
2802,Carmichael,9
2803,Composite,2
2804,Carmichael,3
2805,Carmichael,10
2806,Composite,7
2807,Composite,2
2808,Composite,2
2809,Carmichael,10
2810,Composite,5
2811,Prime,10
2812,Prime,9
2813,Prime,7
2814,Composite,8
2815,Carmichael,2
2816,Carmichael,6
2817,Carmichael,9
2818,Prime,5
2819,Carmichael,2
2820,Prime,7
2821,Prime,10
2822,Carmichael,4
2823,Carmichael,3
2824,Prime,10
2825,Composite,5
2826,Carmichael,10
2827,Carmichael,10
2828,Carmichael,9
2829,Composite,2
2830,Prime,5
2831,Composite,8
2832,Carmichael,8
2833,Prime,6
2834,Carmichael,6
2835,Composite,2
2836,Composite,6
2837,Prime,9
2838,Carmichael,7
2839,Composite,8
2840,Prime,9
2841,Prime,9
2842,Prime,5
2843,Carmichael,3
2844,Prime,8
2845,Prime,8
2846,Composite,6
2847,Prime,8
2848,Carmichael,-2
2849,Carmichael,8
2850,Composite,1
2851,Prime,4
2852,Carmichael,9
2853,Carmichael,3
2854,Prime,7
2855,Carmichael,7
2856,Prime,10
2857,Composite,5
2858,Prime,8
2859,Prime,10
2860,Composite,10
2861,Carmichael,8
2862,Carmichael,10
2863,Composite,1
2864,Composite,5
2865,Carmichael,4
2866,Carmichael,10
2867,Prime,7
2868,Composite,10
2869,Prime,10
2870,Carmichael,10
2871,Composite,3
2872,Prime,10
2873,Composite,7
2874,Carmichael,6
2875,Carmichael,10
2876,Composite,-1
2877,Composite,-2
2878,Carmichael,1
2879,Prime,8
2880,Composite,2
2881,Prime,10
2882,Composite,8
2883,Carmichael,9
2884,Carmichael,9
2885,Prime,8
2886,Composite,6
2887,Prime,8
2888,Prime,7
2889,Prime,7
2890,Composite,6
2891,Carmichael,8
2892,Carmichael,10
2893,Composite,5
2894,Prime,8
2895,Carmichael,10
2896,Prime,9
2897,Composite,8
2898,Carmichael,10
2899,Prime,9
2900,Carmichael,10
2901,Carmichael,3
2902,Prime,9
2903,Prime,10
2904,Carmichael,6
2905,Composite,0
2906,Carmichael,10
2907,Prime,10
2908,Carmichael,1
2909,Prime,8
2910,Prime,8
2911,Composite,4
2912,Carmichael,10
2913,Prime,10
2914,Carmichael,2
2915,Composite,-4
2916,Carmichael,9
2917,Composite,1
2918,Carmichael,10
2919,Prime,7
2920,Composite,5
2921,Carmichael,5
2922,Prime,8
2923,Prime,7
2924,Carmichael,5
2925,Prime,9
2926,Carmichael,10
2927,Composite,5
2928,Composite,-2
2929,Carmichael,10
2930,Prime,7
2931,Carmichael,10
2932,Prime,9
2933,Composite,2
2934,Carmichael,5
2935,Composite,5
2936,Composite,4
2937,Carmichael,8
2938,Carmichael,0
2939,Carmichael,7
2940,Carmichael,2
2941,Composite,-2
2942,Composite,4
2943,Prime,10
2944,Carmichael,6
2945,Composite,1
2946,Composite,0
2947,Prime,9
2948,Composite,7
2949,Carmichael,6
2950,Prime,9
2951,Carmichael,0
2952,Composite,1
2953,Prime,9
2954,Carmichael,3
2955,Composite,1
2956,Composite,6
2957,Composite,4
2958,Prime,9
2959,Carmichael,10
2960,Composite,3
2961,Composite,3
2962,Composite,5
2963,Carmichael,10
2964,Carmichael,6
2965,Carmichael,10
2966,Composite,5
2967,Prime,9
2968,Prime,10
2969,Carmichael,9
2970,Composite,8
2971,Prime,8
2972,Carmichael,6
2973,Prime,10
2974,Prime,10
2975,Prime,10
2976,Prime,10
2977,Prime,8
2978,Composite,6
2979,Prime,8
2980,Composite,7
2981,Prime,9
2982,Composite,10
2983,Prime,8
2984,Carmichael,3
2985,Prime,8
2986,Carmichael,2
2987,Prime,10
2988,Prime,7
2989,Carmichael,10
2990,Carmichael,5
2991,Prime,9
2992,Prime,8
2993,Composite,-2
2994,Composite,-6
2995,Prime,6
2996,Composite,2
2997,Prime,7
2998,Composite,0
2999,Prime,9
3000,Composite,4
